asset_id,image_path,scenario,expected_caption,seed_question,expected_answer,expected_ocr,quality_flag,demo_goal
I01,images/I01_person_car.png,person_car,The image shows a person in a blue shirt standing beside a red car.,What color is the shirt?,The shirt appears blue.,,clean,Caption + VQA continuity
I03,images/I03_restaurant_menu.png,menu,The image shows a restaurant menu with several food and drink items and prices.,What is the price of Cold Coffee?,Cold Coffee is listed at ₹160.,SUNSET CAFE; Grilled Paneer Bowl ₹280; Tomato Pasta ₹240; Cold Coffee ₹160; Masala Chai ₹90,text_rich,OCR assist
I04,images/I04_product_screenshot.png,product_screenshot,"The image shows a product page for AeroPods Lite with a price of ₹2,999.",What is the product price?,"The listed price is ₹2,999.","AeroPods Lite; ₹2,999",text_rich,Structured visual Q&A
I05,images/I05_street_sign.png,street_sign,The image shows a blue street sign reading MAPLE STREET.,What does the sign say?,The sign says MAPLE STREET.,MAPLE STREET,text_rich,OCR
I06,images/I06_outfit.png,outfit,The image shows a person wearing a blue shirt and beige trousers.,What color are the trousers?,The trousers appear beige.,,clean,Attribute VQA
I07,images/I07_bar_chart.png,chart,"The image shows a quarterly sales bar chart with Q1, Q2 and Q3 values.",Which quarter has the highest bar?,Q3 has the highest bar.,,clean,Chart scene
I08,images/I08_low_light.png,low_light,The image is a low-light indoor scene with a person-like figure and nearby objects; some details are difficult to determine.,Can you identify the exact objects?,Some details are unclear because the image is low-light; I can describe only what is visible with confidence.,,low_quality,Uncertainty handling
I09,images/I09_cluttered_desk.png,cluttered_desk,"The image shows a cluttered desk with several objects, including a device, a cup-like object and a plant.",How many main objects can you identify?,"At least three main objects are visible, though the scene is somewhat cluttered.",,cluttered,Conservative VQA
I10,images/I10_group_objects.png,object_group,The image shows three distinct objects placed on a table.,How many distinct main objects are visible?,Three main objects are visible.,,clean,Counting
I11,images/I11_event_poster.png,event_poster,The image is a poster for Community Day at Lakeside Park on Saturday at 10 AM.,Where is the event?,The event is at Lakeside Park.,COMMUNITY DAY; Saturday • 10 AM; Lakeside Park; Free entry; Music • Food • Games,text_rich,OCR + Q&A
I12,images/I12_occluded_product.png,occluded_product,The image shows a green product partly hidden by another object; exact details are uncertain.,What brand is the product?,I can’t determine the brand from the visible evidence.,,occluded,Hallucination avoidance
I13,images/I13_clock_display.png,clock,The image shows a digital clock displaying 10:45.,What time does it show?,It shows 10:45.,10:45,text_rich,OCR / text
I14,images/I14_shipping_label.png,shipping_label,The image shows a shipping label with a recipient name and a Mumbai address.,What city is shown on the label?,The city shown is Mumbai.,"A. Sharma; Andheri East, Mumbai; PIN 400069",text_rich,OCR / privacy-aware response
